Time in ms from program start,Instantaneous IMU acceleration (maybe m/s2),Velocity (m/s),Displacement (m)
0.000,0.000,0.000,0.000
39.000,0.000,0.000,0.000
79.000,0.000,0.000,0.000
119.000,0.000,0.000,0.000
159.000,0.000,0.000,0.000
199.000,0.000,0.000,0.000
239.000,0.000,0.000,0.000
279.000,0.000,0.000,0.000
319.000,0.000,0.000,0.000
359.000,0.000,0.000,0.000
399.000,0.000,0.000,0.000
439.000,0.000,0.000,0.000
479.000,0.000,0.000,0.000
519.000,0.000,0.000,0.000
559.000,0.000,0.000,0.000
599.000,0.000,0.000,0.000
639.000,0.000,0.000,0.000
679.000,0.000,0.000,0.000
719.000,0.000,0.000,0.000
759.000,0.000,0.000,0.000
799.000,0.000,0.000,0.000
839.000,0.000,0.000,0.000
879.000,0.000,0.000,0.000
919.000,0.000,0.000,0.000
959.000,0.000,0.000,0.000
999.000,0.000,0.000,0.000
1039.000,0.000,0.000,0.000
1079.000,0.000,0.000,0.000
1119.000,0.000,0.000,0.000
1159.000,0.000,0.000,0.000
1199.000,0.000,0.000,0.000
1239.000,0.000,0.000,0.000
1279.000,0.000,0.000,0.000
1319.000,0.000,0.000,0.000
1359.000,0.000,0.000,0.000
1399.000,0.000,0.000,0.000
1439.000,0.000,0.000,0.000
1479.000,0.000,0.000,0.000
1519.000,0.000,0.000,0.000
1559.000,0.000,0.000,0.000
1599.000,0.000,0.000,0.000
1639.000,0.000,0.000,0.000
1679.000,0.000,0.000,0.000
1719.000,0.000,0.000,0.000
1759.000,0.000,0.000,0.000
1799.000,0.000,0.000,0.000
1839.000,0.000,0.000,0.000
1879.000,0.000,0.000,0.000
1919.000,0.000,0.000,0.000
1959.000,0.000,0.000,0.000
1999.000,0.000,0.000,0.000
2039.000,0.000,0.000,0.000
2080.000,0.000,0.000,0.000
2119.000,0.000,0.000,0.000
2159.000,0.000,0.000,0.000
2199.000,0.000,0.000,0.000
2239.000,0.000,0.000,0.000
2279.000,0.000,0.000,0.000
2319.000,0.000,0.000,0.000
2359.000,0.000,0.000,0.000
2399.000,0.000,0.000,0.000
2439.000,0.000,0.000,0.000
2479.000,0.000,0.000,0.000
2519.000,0.000,0.000,0.000
2559.000,0.000,0.000,0.000
2599.000,0.000,0.000,0.000
2639.000,0.000,0.000,0.000
2679.000,0.000,0.000,0.000
2719.000,0.000,0.000,0.000
2759.000,0.000,0.000,0.000
2799.000,0.000,0.000,0.000
2839.000,0.000,0.000,0.000
2880.000,0.000,0.000,0.000
2919.000,0.000,0.000,0.000
2959.000,0.000,0.000,0.000
2999.000,0.000,0.000,0.000
3039.000,0.000,0.000,0.000
3079.000,0.000,0.000,0.000
3119.000,0.000,0.000,0.000
3159.000,0.000,0.000,0.000
3199.000,0.000,0.000,0.000
3239.000,0.000,0.000,0.000
3279.000,0.000,0.000,0.000
3319.000,0.000,0.000,0.000
3359.000,0.000,0.000,0.000
3399.000,0.000,0.000,0.000
3439.000,0.000,0.000,0.000
3479.000,0.000,0.000,0.000
3520.000,0.000,0.000,0.000
3559.000,0.000,0.000,0.000
3599.000,0.000,0.000,0.000
3639.000,0.000,0.000,0.000
3679.000,0.000,0.000,0.000
3719.000,0.000,0.000,0.000
3759.000,0.000,0.000,0.000
3799.000,0.000,0.000,0.000
3839.000,0.000,0.000,0.000
3879.000,0.000,0.000,0.000
3919.000,0.000,0.000,0.000
3959.000,0.000,0.000,0.000
3999.000,0.000,0.000,0.000
4039.000,0.000,0.000,0.000
4079.000,0.000,0.000,0.000
4119.000,0.000,0.000,0.000
4159.000,0.000,0.000,0.000
4199.000,0.000,0.000,0.000
4239.000,0.000,0.000,0.000
4279.000,0.000,0.000,0.000
4319.000,0.000,0.000,0.000
4359.000,0.000,0.000,0.000
4399.000,0.000,0.000,0.000
4439.000,0.000,0.000,0.000
4479.000,0.000,0.000,0.000
4519.000,0.000,0.000,0.000
4559.000,0.000,0.000,0.000
4599.000,0.000,0.000,0.000
4639.000,0.000,0.000,0.000
4679.000,0.000,0.000,0.000
4719.000,0.000,0.000,0.000
4759.000,0.000,0.000,0.000
4799.000,0.000,0.000,0.000
4839.000,0.000,0.000,0.000
4879.000,0.000,0.000,0.000
4919.000,0.000,0.000,0.000
4959.000,0.000,0.000,0.000
4999.000,0.000,0.000,0.000
5039.000,0.000,0.000,0.000
5079.000,0.000,0.000,0.000
5119.000,0.000,0.000,0.000
5159.000,0.000,0.000,0.000
5199.000,0.000,0.000,0.000
5239.000,0.000,0.000,0.000
5279.000,0.000,0.000,0.000
5319.000,0.000,0.000,0.000
5359.000,0.000,0.000,0.000
5399.000,0.000,0.000,0.000
5439.000,0.000,0.000,0.000
5479.000,0.000,0.000,0.000
5519.000,0.000,0.000,0.000
5559.000,0.000,0.000,0.000
5599.000,0.000,0.000,0.000
5639.000,0.000,0.000,0.000
5680.000,0.000,0.000,0.000
5719.000,0.000,0.000,0.000
5759.000,0.000,0.000,0.000
5799.000,0.000,0.000,0.000
5840.000,0.000,0.000,0.000
5879.000,0.000,0.000,0.000
5919.000,0.000,0.000,0.000
5959.000,0.000,0.000,0.000
5999.000,0.000,0.000,0.000
6039.000,0.000,0.000,0.000
6079.000,0.000,0.000,0.000
6119.000,0.000,0.000,0.000
6159.000,0.000,0.000,0.000
6199.000,0.000,0.000,0.000
6239.000,0.000,0.000,0.000
6279.000,0.000,0.000,0.000
6319.000,0.000,0.000,0.000
6359.000,0.000,0.000,0.000
6399.000,0.000,0.000,0.000
6439.000,0.000,0.000,0.000
6479.000,0.000,0.000,0.000
6519.000,0.000,0.000,0.000
6559.000,0.000,0.000,0.000
6599.000,0.000,0.000,0.000
6639.000,0.000,0.000,0.000
6679.000,0.000,0.000,0.000
6719.000,0.000,0.000,0.000
6759.000,0.000,0.000,0.000
6799.000,0.000,0.000,0.000
6839.000,0.000,0.000,0.000
6879.000,0.000,0.000,0.000
6919.000,0.000,0.000,0.000
6960.000,0.000,0.000,0.000
6999.000,0.000,0.000,0.000
7039.000,0.000,0.000,0.000
7079.000,0.000,0.000,0.000
7119.000,0.000,0.000,0.000
7159.000,0.000,0.000,0.000
7199.000,0.000,0.000,0.000
7239.000,0.000,0.000,0.000
7279.000,0.000,0.000,0.000
7319.000,0.000,0.000,0.000
7359.000,0.000,0.000,0.000
7399.000,0.000,0.000,0.000
7439.000,0.000,0.000,0.000
7479.000,0.000,0.000,0.000
7519.000,0.000,0.000,0.000
7559.000,0.000,0.000,0.000
7599.000,0.000,0.000,0.000
7639.000,0.000,0.000,0.000
7679.000,0.000,0.000,0.000
7719.000,0.000,0.000,0.000
7759.000,0.000,0.000,0.000
7799.000,0.000,0.000,0.000
7839.000,0.000,0.000,0.000
7879.000,0.000,0.000,0.000
7919.000,0.000,0.000,0.000
7959.000,0.000,0.000,0.000
7999.000,0.000,0.000,0.000
8039.000,0.000,0.000,0.000
8079.000,0.000,0.000,0.000
8119.000,0.000,0.000,0.000
8159.000,0.000,0.000,0.000
8199.000,0.000,0.000,0.000
8239.000,0.000,0.000,0.000
8279.000,0.000,0.000,0.000
8319.000,0.000,0.000,0.000
8359.000,0.000,0.000,0.000
8399.000,0.000,0.000,0.000
8439.000,0.000,0.000,0.000
8479.000,0.000,0.000,0.000
8519.000,0.000,0.000,0.000
8559.000,0.000,0.000,0.000
8599.000,0.000,0.000,0.000
8639.000,0.000,0.000,0.000
8679.000,0.000,0.000,0.000
8719.000,0.000,0.000,0.000
8759.000,0.000,0.000,0.000
8799.000,0.000,0.000,0.000
8839.000,0.000,0.000,0.000
8879.000,0.000,0.000,0.000
8919.000,0.000,0.000,0.000
8959.000,0.000,0.000,0.000
8999.000,0.000,0.000,0.000
9039.000,0.000,0.000,0.000
9079.000,0.000,0.000,0.000
9119.000,0.000,0.000,0.000
9159.000,0.000,0.000,0.000
9199.000,0.000,0.000,0.000
9239.000,0.000,0.000,0.000
9279.000,0.000,0.000,0.000
9319.000,0.000,0.000,0.000
9359.000,0.000,0.000,0.000
9399.000,0.000,0.000,0.000
9439.000,0.000,0.000,0.000
9479.000,0.000,0.000,0.000
9519.000,0.000,0.000,0.000
9559.000,0.000,0.000,0.000
9599.000,0.000,0.000,0.000
9639.000,0.000,0.000,0.000
9679.000,0.000,0.000,0.000
9719.000,0.000,0.000,0.000
9759.000,0.000,0.000,0.000
9799.000,0.000,0.000,0.000
9839.000,0.000,0.000,0.000
9879.000,0.000,0.000,0.000
9919.000,0.000,0.000,0.000
9959.000,0.000,0.000,0.000
9999.000,0.000,0.000,0.000
10039.000,0.000,0.000,0.000
10079.000,0.000,0.000,0.000
10119.000,0.000,0.000,0.000
10159.000,0.000,0.000,0.000
10199.000,0.000,0.000,0.000
10239.000,0.000,0.000,0.000
10279.000,0.000,0.000,0.000
10319.000,0.000,0.000,0.000
10359.000,0.000,0.000,0.000
10399.000,0.000,0.000,0.000
10439.000,0.000,0.000,0.000
10479.000,0.000,0.000,0.000
10519.000,0.000,0.000,0.000
10559.000,0.000,0.000,0.000
10599.000,0.000,0.000,0.000
10639.000,0.000,0.000,0.000
10679.000,0.000,0.000,0.000
10719.000,0.000,0.000,0.000
10759.000,0.000,0.000,0.000
10799.000,0.000,0.000,0.000
10839.000,0.000,0.000,0.000
10879.000,0.000,0.000,0.000
10919.000,0.000,0.000,0.000
10959.000,0.000,0.000,0.000
10999.000,0.000,0.000,0.000
11039.000,0.000,0.000,0.000
11079.000,0.000,0.000,0.000
11119.000,0.000,0.000,0.000
11159.000,0.000,0.000,0.000
11199.000,0.000,0.000,0.000
11239.000,0.000,0.000,0.000
11279.000,0.000,0.000,0.000
11319.000,0.000,0.000,0.000
11359.000,0.000,0.000,0.000
11399.000,0.000,0.000,0.000
11439.000,0.000,0.000,0.000
11479.000,0.000,0.000,0.000
11519.000,0.000,0.000,0.000
11559.000,0.000,0.000,0.000
11599.000,0.000,0.000,0.000
11639.000,0.000,0.000,0.000
11679.000,0.000,0.000,0.000
11719.000,0.000,0.000,0.000
11759.000,0.000,0.000,0.000
11799.000,0.000,0.000,0.000
11839.000,0.000,0.000,0.000
11879.000,0.000,0.000,0.000
11919.000,0.000,0.000,0.000
11959.000,0.000,0.000,0.000
11999.000,0.000,0.000,0.000
12039.000,0.000,0.000,0.000
12079.000,0.000,0.000,0.000
12119.000,0.000,0.000,0.000
12159.000,0.000,0.000,0.000
12199.000,0.000,0.000,0.000
12239.000,0.000,0.000,0.000
12279.000,0.000,0.000,0.000
12319.000,0.000,0.000,0.000
12359.000,0.000,0.000,0.000
12399.000,0.000,0.000,0.000
12439.000,0.000,0.000,0.000
12479.000,0.000,0.000,0.000
12520.000,0.000,0.000,0.000
12559.000,0.000,0.000,0.000
12599.000,0.000,0.000,0.000
12639.000,0.000,0.000,0.000
12679.000,0.000,0.000,0.000
12719.000,0.000,0.000,0.000
12759.000,0.000,0.000,0.000
12799.000,0.000,0.000,0.000
12839.000,0.000,0.000,0.000
12879.000,0.000,0.000,0.000
12919.000,0.000,0.000,0.000
12959.000,0.000,0.000,0.000
12999.000,0.000,0.000,0.000
13039.000,0.000,0.000,0.000
13079.000,0.000,0.000,0.000
13119.000,0.000,0.000,0.000
13159.000,0.000,0.000,0.000
13199.000,0.000,0.000,0.000
13239.000,0.000,0.000,0.000
13279.000,0.000,0.000,0.000
13319.000,0.000,0.000,0.000
13359.000,0.000,0.000,0.000
13399.000,0.000,0.000,0.000
13439.000,0.000,0.000,0.000
13479.000,0.000,0.000,0.000
13519.000,0.000,0.000,0.000
13559.000,0.000,0.000,0.000
13599.000,0.000,0.000,0.000
13639.000,0.000,0.000,0.000
13679.000,0.000,0.000,0.000
13719.000,0.000,0.000,0.000
13759.000,0.000,0.000,0.000
13799.000,0.000,0.000,0.000
13839.000,0.000,0.000,0.000
13879.000,0.000,0.000,0.000
13919.000,0.000,0.000,0.000
13959.000,0.000,0.000,0.000
13999.000,0.000,0.000,0.000
14039.000,0.000,0.000,0.000
14079.000,0.000,0.000,0.000
14119.000,0.000,0.000,0.000
14159.000,0.000,0.000,0.000
14199.000,0.000,0.000,0.000
14239.000,0.000,0.000,0.000
14279.000,0.000,0.000,0.000
14319.000,0.000,0.000,0.000
14359.000,0.000,0.000,0.000
14399.000,0.000,0.000,0.000
14439.000,0.000,0.000,0.000
14479.000,0.000,0.000,0.000
14519.000,0.000,0.000,0.000
14559.000,0.000,0.000,0.000
14599.000,0.000,0.000,0.000
14639.000,0.000,0.000,0.000
14679.000,0.000,0.000,0.000
14719.000,0.000,0.000,0.000
14759.000,0.000,0.000,0.000
14799.000,0.000,0.000,0.000
14839.000,0.000,0.000,0.000
14879.000,0.000,0.000,0.000
14919.000,0.000,0.000,0.000
14959.000,0.000,0.000,0.000
14999.000,0.000,0.000,0.000
15039.000,0.000,0.000,0.000
15079.000,0.000,0.000,0.000
15119.000,0.000,0.000,0.000
15159.000,0.000,0.000,0.000
15199.000,0.000,0.000,0.000
15239.000,0.000,0.000,0.000
15279.000,0.000,0.000,0.000
15319.000,0.000,0.000,0.000
15359.000,0.000,0.000,0.000
15399.000,0.000,0.000,0.000
15439.000,0.000,0.000,0.000
15479.000,0.000,0.000,0.000
15519.000,0.000,0.000,0.000
15559.000,0.000,0.000,0.000
15599.000,0.000,0.000,0.000
15639.000,0.000,0.000,0.000
15679.000,0.000,0.000,0.000
15719.000,0.000,0.000,0.000
15759.000,0.000,0.000,0.000
15799.000,0.000,0.000,0.000
15839.000,0.000,0.000,0.000
15879.000,0.000,0.000,0.000
15919.000,0.000,0.000,0.000
15959.000,0.000,0.000,0.000
15999.000,0.000,0.000,0.000
16039.000,0.000,0.000,0.000
16079.000,0.000,0.000,0.000
16119.000,0.000,0.000,0.000
16159.000,0.000,0.000,0.000
16199.000,0.000,0.000,0.000
16239.000,0.000,0.000,0.000
16279.000,0.000,0.000,0.000
16319.000,0.000,0.000,0.000
16359.000,0.000,0.000,0.000
16399.000,0.000,0.000,0.000
16439.000,0.000,0.000,0.000
16479.000,0.000,0.000,0.000
16519.000,0.000,0.000,0.000
16559.000,0.000,0.000,0.000
16599.000,0.000,0.000,0.000
16639.000,0.000,0.000,0.000
16679.000,0.000,0.000,0.000
16719.000,0.000,0.000,0.000
16759.000,0.000,0.000,0.000
16799.000,0.000,0.000,0.000
16839.000,0.000,0.000,0.000
16879.000,0.000,0.000,0.000
16919.000,0.000,0.000,0.000
16959.000,0.000,0.000,0.000
16999.000,0.000,0.000,0.000
17039.000,0.000,0.000,0.000
17079.000,0.000,0.000,0.000
17119.000,0.000,0.000,0.000
17159.000,0.000,0.000,0.000
17199.000,0.000,0.000,0.000
17239.000,0.000,0.000,0.000
17279.000,0.000,0.000,0.000
17319.000,0.000,0.000,0.000
17359.000,0.000,0.000,0.000
17399.000,0.000,0.000,0.000
17439.000,0.000,0.000,0.000
17479.000,0.000,0.000,0.000
17519.000,0.000,0.000,0.000
17559.000,0.000,0.000,0.000
17599.000,0.000,0.000,0.000
17639.000,0.000,0.000,0.000
17679.000,0.000,0.000,0.000
17719.000,0.000,0.000,0.000
17759.000,0.000,0.000,0.000
17799.000,0.000,0.000,0.000
17839.000,0.000,0.000,0.000
17879.000,0.000,0.000,0.000
17919.000,0.000,0.000,0.000
17959.000,0.000,0.000,0.000
17999.000,0.000,0.000,0.000
18039.000,0.000,0.000,0.000
18079.000,0.000,0.000,0.000
18119.000,0.000,0.000,0.000
18159.000,0.000,0.000,0.000
18199.000,0.000,0.000,0.000
18239.000,0.000,0.000,0.000
18279.000,0.000,0.000,0.000
18319.000,0.000,0.000,0.000
18359.000,0.000,0.000,0.000
18399.000,0.000,0.000,0.000
18439.000,0.000,0.000,0.000
18479.000,0.000,0.000,0.000
18519.000,0.000,0.000,0.000
18560.000,0.000,0.000,0.000
18599.000,0.000,0.000,0.000
18639.000,0.000,0.000,0.000
18679.000,0.000,0.000,0.000
18719.000,0.000,0.000,0.000
18759.000,0.000,0.000,0.000
18799.000,0.000,0.000,0.000
18839.000,0.000,0.000,0.000
18879.000,0.000,0.000,0.000
18919.000,0.000,0.000,0.000
18959.000,0.000,0.000,0.000
18999.000,0.000,0.000,0.000
19039.000,0.000,0.000,0.000
19079.000,0.000,0.000,0.000
19119.000,0.000,0.000,0.000
19159.000,0.000,0.000,0.000
19199.000,0.000,0.000,0.000
19239.000,0.000,0.000,0.000
19279.000,0.000,0.000,0.000
19319.000,0.000,0.000,0.000
19359.000,0.000,0.000,0.000
19399.000,0.000,0.000,0.000
19439.000,0.000,0.000,0.000
19479.000,0.000,0.000,0.000
19519.000,0.000,0.000,0.000
19560.000,0.000,0.000,0.000
19599.000,0.000,0.000,0.000
19639.000,0.000,0.000,0.000
19679.000,0.000,0.000,0.000
19719.000,0.000,0.000,0.000
19759.000,0.000,0.000,0.000
19799.000,0.000,0.000,0.000
19839.000,0.000,0.000,0.000
19879.000,0.000,0.000,0.000
19919.000,0.000,0.000,0.000
19959.000,0.000,0.000,0.000
20000.000,0.000,0.000,0.000
20039.000,0.000,0.000,0.000
20079.000,0.000,0.000,0.000
20119.000,0.000,0.000,0.000
20159.000,0.000,0.000,0.000
20199.000,0.000,0.000,0.000
20239.000,0.000,0.000,0.000
20279.000,0.000,0.000,0.000
20319.000,0.000,0.000,0.000
20359.000,0.000,0.000,0.000
20399.000,0.000,0.000,0.000
20439.000,0.000,0.000,0.000
20479.000,0.000,0.000,0.000
20519.000,0.000,0.000,0.000
20559.000,0.000,0.000,0.000
20599.000,0.000,0.000,0.000
20639.000,0.000,0.000,0.000
20679.000,0.000,0.000,0.000
20719.000,0.000,0.000,0.000
20759.000,0.000,0.000,0.000
20799.000,0.000,0.000,0.000
20839.000,0.000,0.000,0.000
20879.000,0.000,0.000,0.000
20919.000,0.000,0.000,0.000
20959.000,0.000,0.000,0.000
20999.000,0.000,0.000,0.000
21039.000,0.000,0.000,0.000
21079.000,0.000,0.000,0.000
21119.000,0.000,0.000,0.000
21159.000,0.000,0.000,0.000
21199.000,0.000,0.000,0.000
21239.000,0.000,0.000,0.000
21279.000,0.000,0.000,0.000
21319.000,0.000,0.000,0.000
21359.000,0.000,0.000,0.000
21399.000,0.000,0.000,0.000
21439.000,0.000,0.000,0.000
21479.000,0.000,0.000,0.000
21519.000,0.000,0.000,0.000
21559.000,0.000,0.000,0.000
21599.000,0.000,0.000,0.000
21639.000,0.000,0.000,0.000
21679.000,0.000,0.000,0.000
21719.000,0.000,0.000,0.000
21759.000,0.000,0.000,0.000
21799.000,0.000,0.000,0.000
21839.000,0.000,0.000,0.000
21879.000,0.000,0.000,0.000
21919.000,0.000,0.000,0.000
21959.000,0.000,0.000,0.000
21999.000,0.000,0.000,0.000
22039.000,0.000,0.000,0.000
22079.000,0.000,0.000,0.000
22119.000,0.000,0.000,0.000
22159.000,0.000,0.000,0.000
22199.000,0.000,0.000,0.000
22239.000,0.000,0.000,0.000
22279.000,0.000,0.000,0.000
22319.000,0.000,0.000,0.000
22359.000,0.000,0.000,0.000
22399.000,0.000,0.000,0.000
22439.000,0.000,0.000,0.000
22479.000,0.000,0.000,0.000
22519.000,0.000,0.000,0.000
22559.000,0.000,0.000,0.000
22599.000,0.000,0.000,0.000
22639.000,0.000,0.000,0.000
22679.000,0.000,0.000,0.000
22719.000,0.000,0.000,0.000
22760.000,0.000,0.000,0.000
22799.000,0.000,0.000,0.000
22839.000,0.000,0.000,0.000
22879.000,0.000,0.000,0.000
22919.000,0.000,0.000,0.000
22959.000,0.000,0.000,0.000
22999.000,0.000,0.000,0.000
23039.000,0.000,0.000,0.000
23080.000,0.000,0.000,0.000
23119.000,0.000,0.000,0.000
23159.000,0.000,0.000,0.000
23199.000,0.000,0.000,0.000
23239.000,0.000,0.000,0.000
23279.000,0.000,0.000,0.000
23319.000,0.000,0.000,0.000
23359.000,0.000,0.000,0.000
23400.000,0.000,0.000,0.000
23439.000,0.000,0.000,0.000
23479.000,0.000,0.000,0.000
23519.000,0.000,0.000,0.000
23559.000,0.000,0.000,0.000
23599.000,0.000,0.000,0.000
23639.000,0.000,0.000,0.000
23679.000,0.000,0.000,0.000
23719.000,0.000,0.000,0.000
23759.000,0.000,0.000,0.000
23799.000,0.000,0.000,0.000
23839.000,0.000,0.000,0.000
23879.000,0.000,0.000,0.000
23919.000,0.000,0.000,0.000
23959.000,0.000,0.000,0.000
23999.000,0.000,0.000,0.000
24040.000,0.000,0.000,0.000
24079.000,0.000,0.000,0.000
24121.000,0.000,0.000,0.000
24159.000,0.000,0.000,0.000
24199.000,0.000,0.000,0.000
24239.000,0.000,0.000,0.000
24279.000,0.000,0.000,0.000
24319.000,0.000,0.000,0.000
24359.000,0.000,0.000,0.000
24400.000,0.000,0.000,0.000
24439.000,0.000,0.000,0.000
24479.000,0.000,0.000,0.000
24519.000,0.000,0.000,0.000
24559.000,0.000,0.000,0.000
24599.000,0.000,0.000,0.000
24639.000,0.000,0.000,0.000
24679.000,0.000,0.000,0.000
24719.000,0.000,0.000,0.000
24759.000,0.000,0.000,0.000
24799.000,0.000,0.000,0.000
24839.000,0.000,0.000,0.000
24879.000,0.000,0.000,0.000
24919.000,0.000,0.000,0.000
24959.000,0.000,0.000,0.000
24999.000,0.000,0.000,0.000
25039.000,0.000,0.000,0.000
25079.000,0.000,0.000,0.000
25119.000,0.000,0.000,0.000
25159.000,0.000,0.000,0.000
25199.000,0.000,0.000,0.000
25239.000,0.000,0.000,0.000
25279.000,0.000,0.000,0.000
25319.000,0.000,0.000,0.000
25359.000,0.000,0.000,0.000
25399.000,0.000,0.000,0.000
25442.000,0.000,0.000,0.000
25479.000,0.000,0.000,0.000
25519.000,0.000,0.000,0.000
25559.000,0.000,0.000,0.000
25599.000,0.000,0.000,0.000
25639.000,0.000,0.000,0.000
25679.000,0.000,0.000,0.000
25719.000,0.000,0.000,0.000
25759.000,0.000,0.000,0.000
25799.000,0.000,0.000,0.000
25839.000,0.000,0.000,0.000
25879.000,0.000,0.000,0.000
25919.000,0.000,0.000,0.000
25959.000,0.000,0.000,0.000
25999.000,0.000,0.000,0.000
26039.000,0.000,0.000,0.000
26079.000,0.000,0.000,0.000
26119.000,0.000,0.000,0.000
26159.000,0.000,0.000,0.000
26199.000,0.000,0.000,0.000
26239.000,0.000,0.000,0.000
26279.000,0.000,0.000,0.000
26319.000,0.000,0.000,0.000
26359.000,0.000,0.000,0.000
26399.000,0.000,0.000,0.000
26439.000,0.000,0.000,0.000
26479.000,0.000,0.000,0.000
26519.000,0.000,0.000,0.000
26559.000,0.000,0.000,0.000
26599.000,0.000,0.000,0.000
26639.000,0.000,0.000,0.000
26679.000,0.000,0.000,0.000
26719.000,0.000,0.000,0.000
26759.000,0.000,0.000,0.000
26799.000,0.000,0.000,0.000
26839.000,0.000,0.000,0.000
26879.000,0.000,0.000,0.000
26919.000,0.000,0.000,0.000
26959.000,0.000,0.000,0.000
26999.000,0.000,0.000,0.000
27039.000,0.000,0.000,0.000
27079.000,0.000,0.000,0.000
27119.000,0.000,0.000,0.000
27159.000,0.000,0.000,0.000
27199.000,0.000,0.000,0.000
27239.000,0.000,0.000,0.000
27279.000,0.000,0.000,0.000
27319.000,0.000,0.000,0.000
27359.000,0.000,0.000,0.000
27399.000,0.000,0.000,0.000
27439.000,0.000,0.000,0.000
27479.000,0.000,0.000,0.000
27519.000,0.000,0.000,0.000
27559.000,0.000,0.000,0.000
27599.000,0.000,0.000,0.000
27639.000,0.000,0.000,0.000
27679.000,0.000,0.000,0.000
27720.000,0.000,0.000,0.000
27759.000,0.000,0.000,0.000
27799.000,0.000,0.000,0.000
27839.000,0.000,0.000,0.000
27879.000,0.000,0.000,0.000
27919.000,0.000,0.000,0.000
27965.000,0.000,0.000,0.000
27999.000,0.000,0.000,0.000
28039.000,0.000,0.000,0.000
28079.000,0.000,0.000,0.000
28119.000,0.000,0.000,0.000
28159.000,0.000,0.000,0.000
28199.000,0.000,0.000,0.000
28239.000,0.000,0.000,0.000
28279.000,0.000,0.000,0.000
28319.000,0.000,0.000,0.000
28359.000,0.000,0.000,0.000
28399.000,0.000,0.000,0.000
28439.000,0.000,0.000,0.000
28479.000,0.000,0.000,0.000
28519.000,0.000,0.000,0.000
28559.000,0.000,0.000,0.000
28599.000,0.000,0.000,0.000
28639.000,0.000,0.000,0.000
28679.000,0.000,0.000,0.000
28719.000,0.000,0.000,0.000
28759.000,0.000,0.000,0.000
28799.000,0.000,0.000,0.000
28839.000,0.000,0.000,0.000
28879.000,0.000,0.000,0.000
28919.000,0.000,0.000,0.000
28959.000,0.000,0.000,0.000
28999.000,0.000,0.000,0.000
29039.000,0.000,0.000,0.000
29079.000,0.000,0.000,0.000
29119.000,0.000,0.000,0.000
29159.000,0.000,0.000,0.000
29199.000,0.000,0.000,0.000
29239.000,0.000,0.000,0.000
29279.000,0.000,0.000,0.000
29319.000,0.000,0.000,0.000
29359.000,0.000,0.000,0.000
29399.000,0.000,0.000,0.000
29439.000,0.000,0.000,0.000
29479.000,0.000,0.000,0.000
29519.000,0.000,0.000,0.000
29559.000,0.000,0.000,0.000
29599.000,0.000,0.000,0.000
29639.000,0.000,0.000,0.000
29679.000,0.000,0.000,0.000
29719.000,0.000,0.000,0.000
29759.000,0.000,0.000,0.000
29799.000,0.000,0.000,0.000
29839.000,0.000,0.000,0.000
29879.000,0.000,0.000,0.000
29919.000,0.000,0.000,0.000
29959.000,0.000,0.000,0.000
29999.000,0.000,0.000,0.000
30039.000,0.000,0.000,0.000
30079.000,0.000,0.000,0.000
30119.000,0.000,0.000,0.000
30159.000,0.000,0.000,0.000
30199.000,0.000,0.000,0.000
30239.000,0.000,0.000,0.000
30279.000,0.000,0.000,0.000
30319.000,0.000,0.000,0.000
30359.000,0.000,0.000,0.000
30399.000,0.000,0.000,0.000
30439.000,0.000,0.000,0.000
30479.000,0.000,0.000,0.000
30519.000,0.000,0.000,0.000
30559.000,0.000,0.000,0.000
30599.000,0.000,0.000,0.000
30639.000,0.000,0.000,0.000
30679.000,0.000,0.000,0.000
30719.000,0.000,0.000,0.000
30759.000,0.000,0.000,0.000
30799.000,0.000,0.000,0.000
30839.000,0.000,0.000,0.000
30879.000,0.000,0.000,0.000
30919.000,0.000,0.000,0.000
30959.000,0.000,0.000,0.000
30999.000,0.000,0.000,0.000
31039.000,0.000,0.000,0.000
31079.000,0.000,0.000,0.000
31119.000,0.000,0.000,0.000
31159.000,0.000,0.000,0.000
31199.000,0.000,0.000,0.000
31239.000,0.000,0.000,0.000
31279.000,0.000,0.000,0.000
31319.000,0.000,0.000,0.000
31359.000,0.000,0.000,0.000
31399.000,0.000,0.000,0.000
31439.000,0.000,0.000,0.000
31480.000,0.000,0.000,0.000
31520.000,0.000,0.000,0.000
31559.000,0.000,0.000,0.000
31599.000,0.000,0.000,0.000
31639.000,0.000,0.000,0.000
31679.000,0.000,0.000,0.000
31719.000,0.000,0.000,0.000
31759.000,0.000,0.000,0.000
31799.000,0.000,0.000,0.000
31839.000,0.000,0.000,0.000
31879.000,0.000,0.000,0.000
31919.000,0.000,0.000,0.000
31959.000,0.000,0.000,0.000
31999.000,0.000,0.000,0.000
32039.000,0.000,0.000,0.000
32079.000,0.000,0.000,0.000
32119.000,0.000,0.000,0.000
32159.000,0.000,0.000,0.000
32199.000,0.000,0.000,0.000
32239.000,0.000,0.000,0.000
32279.000,0.000,0.000,0.000
32319.000,0.000,0.000,0.000
32359.000,0.000,0.000,0.000
32399.000,0.000,0.000,0.000
32439.000,0.000,0.000,0.000
32479.000,0.000,0.000,0.000
32519.000,0.000,0.000,0.000
32559.000,0.000,0.000,0.000
32599.000,0.000,0.000,0.000
32639.000,0.000,0.000,0.000
32679.000,0.000,0.000,0.000
32719.000,0.000,0.000,0.000
32759.000,0.000,0.000,0.000
32799.000,0.000,0.000,0.000
32839.000,0.000,0.000,0.000
32879.000,0.000,0.000,0.000
32919.000,0.000,0.000,0.000
32959.000,0.000,0.000,0.000
32999.000,0.000,0.000,0.000
33039.000,0.000,0.000,0.000
33079.000,0.000,0.000,0.000
33119.000,0.000,0.000,0.000
33159.000,0.000,0.000,0.000
33199.000,0.000,0.000,0.000
33239.000,0.000,0.000,0.000
33279.000,0.000,0.000,0.000
33319.000,0.000,0.000,0.000
33359.000,0.000,0.000,0.000
33399.000,0.000,0.000,0.000
33439.000,0.000,0.000,0.000
33479.000,0.000,0.000,0.000
33519.000,0.000,0.000,0.000
33559.000,0.000,0.000,0.000
33599.000,0.000,0.000,0.000
33640.000,0.000,0.000,0.000
33679.000,0.000,0.000,0.000
33722.000,0.000,0.000,0.000
33759.000,0.000,0.000,0.000
33799.000,0.000,0.000,0.000
33839.000,0.000,0.000,0.000
33879.000,0.000,0.000,0.000
33919.000,0.000,0.000,0.000
33959.000,0.000,0.000,0.000
33999.000,0.000,0.000,0.000
34039.000,0.000,0.000,0.000
34079.000,0.000,0.000,0.000
34119.000,0.000,0.000,0.000
34159.000,0.000,0.000,0.000
34199.000,0.000,0.000,0.000
34239.000,0.000,0.000,0.000
34279.000,0.000,0.000,0.000
34320.000,0.000,0.000,0.000
34359.000,0.000,0.000,0.000
34399.000,0.000,0.000,0.000
34439.000,0.000,0.000,0.000
34479.000,0.000,0.000,0.000
34519.000,0.000,0.000,0.000
34559.000,0.000,0.000,0.000
34599.000,0.000,0.000,0.000
34639.000,0.000,0.000,0.000
34679.000,0.000,0.000,0.000
34720.000,0.000,0.000,0.000
34759.000,0.000,0.000,0.000
34799.000,0.000,0.000,0.000
34840.000,0.000,0.000,0.000
34879.000,0.000,0.000,0.000
34919.000,0.000,0.000,0.000
34960.000,0.000,0.000,0.000
34999.000,0.000,0.000,0.000
35039.000,0.000,0.000,0.000
35079.000,0.000,0.000,0.000
35119.000,0.000,0.000,0.000
35159.000,0.000,0.000,0.000
35199.000,0.000,0.000,0.000
35239.000,0.000,0.000,0.000
35279.000,0.000,0.000,0.000
35319.000,0.000,0.000,0.000
35359.000,0.000,0.000,0.000
35399.000,0.000,0.000,0.000
35439.000,0.000,0.000,0.000
35479.000,0.000,0.000,0.000
35519.000,0.000,0.000,0.000
35559.000,0.000,0.000,0.000
35599.000,0.000,0.000,0.000
35639.000,0.000,0.000,0.000
35679.000,0.000,0.000,0.000
35719.000,0.000,0.000,0.000
35759.000,0.000,0.000,0.000
35799.000,0.000,0.000,0.000
35839.000,0.000,0.000,0.000
35879.000,0.000,0.000,0.000
35919.000,0.000,0.000,0.000
35959.000,0.000,0.000,0.000
35999.000,0.000,0.000,0.000
36039.000,0.000,0.000,0.000
36079.000,0.000,0.000,0.000
36119.000,0.000,0.000,0.000
36159.000,0.000,0.000,0.000
36199.000,0.000,0.000,0.000
36239.000,0.000,0.000,0.000
36279.000,0.000,0.000,0.000
36319.000,0.000,0.000,0.000
36359.000,0.000,0.000,0.000
36399.000,0.000,0.000,0.000
36439.000,0.000,0.000,0.000
36479.000,0.000,0.000,0.000
36519.000,0.000,0.000,0.000
36559.000,0.000,0.000,0.000
36599.000,0.000,0.000,0.000
36639.000,0.000,0.000,0.000
36679.000,0.000,0.000,0.000
36719.000,0.000,0.000,0.000
36759.000,0.000,0.000,0.000
36799.000,0.000,0.000,0.000
36839.000,0.000,0.000,0.000
36879.000,0.000,0.000,0.000
36919.000,0.000,0.000,0.000
36960.000,0.000,0.000,0.000
36999.000,0.000,0.000,0.000
37039.000,0.000,0.000,0.000
37079.000,0.000,0.000,0.000
37119.000,0.000,0.000,0.000
37159.000,0.000,0.000,0.000
37199.000,0.000,0.000,0.000
37239.000,0.000,0.000,0.000
37279.000,0.000,0.000,0.000
37319.000,0.000,0.000,0.000
37359.000,0.000,0.000,0.000
37399.000,0.000,0.000,0.000
37439.000,0.000,0.000,0.000
37479.000,0.000,0.000,0.000
37519.000,0.000,0.000,0.000
37559.000,0.000,0.000,0.000
37599.000,0.000,0.000,0.000
37639.000,0.000,0.000,0.000
37679.000,0.000,0.000,0.000
37719.000,0.000,0.000,0.000
37759.000,0.000,0.000,0.000
37799.000,0.000,0.000,0.000
37839.000,0.000,0.000,0.000
37879.000,0.000,0.000,0.000
37919.000,0.000,0.000,0.000
37959.000,0.000,0.000,0.000
37999.000,0.000,0.000,0.000
38039.000,0.000,0.000,0.000
38119.000,0.000,0.000,0.000
38159.000,0.000,0.000,0.000
38199.000,0.000,0.000,0.000
38239.000,0.000,0.000,0.000
38280.000,0.000,0.000,0.000
38319.000,0.000,0.000,0.000
38359.000,0.000,0.000,0.000
38399.000,0.000,0.000,0.000
38439.000,0.000,0.000,0.000
38479.000,0.000,0.000,0.000
38519.000,0.000,0.000,0.000
38559.000,0.000,0.000,0.000
38599.000,0.000,0.000,0.000
38639.000,0.000,0.000,0.000
38679.000,0.000,0.000,0.000
38719.000,0.000,0.000,0.000
38759.000,0.000,0.000,0.000
38799.000,0.000,0.000,0.000
38839.000,0.000,0.000,0.000
38879.000,0.000,0.000,0.000
38919.000,0.000,0.000,0.000
38959.000,0.000,0.000,0.000
38999.000,0.000,0.000,0.000
39039.000,0.000,0.000,0.000
39079.000,0.000,0.000,0.000
39119.000,0.000,0.000,0.000
39159.000,0.000,0.000,0.000
39199.000,0.000,0.000,0.000
39239.000,0.000,0.000,0.000
39279.000,0.000,0.000,0.000
39319.000,0.000,0.000,0.000
39359.000,0.000,0.000,0.000
39399.000,0.000,0.000,0.000
39439.000,0.000,0.000,0.000
39479.000,0.000,0.000,0.000
39519.000,0.000,0.000,0.000
39559.000,0.000,0.000,0.000
39599.000,0.000,0.000,0.000
39639.000,0.000,0.000,0.000
39679.000,0.000,0.000,0.000
39719.000,0.000,0.000,0.000
39759.000,0.000,0.000,0.000
39799.000,0.000,0.000,0.000
39839.000,0.000,0.000,0.000
39879.000,0.000,0.000,0.000
39919.000,0.000,0.000,0.000
39959.000,0.000,0.000,0.000
39999.000,0.000,0.000,0.000
40039.000,0.000,0.000,0.000
40079.000,0.000,0.000,0.000
40119.000,0.000,0.000,0.000
40159.000,0.000,0.000,0.000
40199.000,0.000,0.000,0.000
40239.000,0.000,0.000,0.000
40279.000,0.000,0.000,0.000
40319.000,0.000,0.000,0.000
40360.000,0.000,0.000,0.000
40399.000,0.000,0.000,0.000
40439.000,0.000,0.000,0.000
40479.000,0.000,0.000,0.000
40519.000,0.000,0.000,0.000
40559.000,0.000,0.000,0.000
40599.000,0.000,0.000,0.000
40639.000,0.000,0.000,0.000
40679.000,0.000,0.000,0.000
40719.000,0.000,0.000,0.000
40759.000,0.000,0.000,0.000
40800.000,0.000,0.000,0.000
40839.000,0.000,0.000,0.000
40879.000,0.000,0.000,0.000
40919.000,0.000,0.000,0.000
40959.000,0.000,0.000,0.000
40999.000,0.000,0.000,0.000
41039.000,0.000,0.000,0.000
41079.000,0.000,0.000,0.000
41119.000,0.000,0.000,0.000
41159.000,0.000,0.000,0.000
41199.000,0.000,0.000,0.000
41239.000,0.000,0.000,0.000
41279.000,0.000,0.000,0.000
41319.000,0.000,0.000,0.000
41359.000,0.000,0.000,0.000
41399.000,0.000,0.000,0.000
41439.000,0.000,0.000,0.000
41479.000,0.000,0.000,0.000
41520.000,0.000,0.000,0.000
41559.000,0.000,0.000,0.000
41599.000,0.000,0.000,0.000
41639.000,0.000,0.000,0.000
41679.000,0.000,0.000,0.000
41719.000,0.000,0.000,0.000
41759.000,0.000,0.000,0.000
41799.000,0.000,0.000,0.000
41839.000,0.000,0.000,0.000
41879.000,0.000,0.000,0.000
41920.000,0.000,0.000,0.000
41959.000,0.000,0.000,0.000
41999.000,0.000,0.000,0.000
42039.000,0.000,0.000,0.000
42079.000,0.000,0.000,0.000
42119.000,0.000,0.000,0.000
42159.000,0.000,0.000,0.000
42199.000,0.000,0.000,0.000
42239.000,0.000,0.000,0.000
42279.000,0.000,0.000,0.000
42319.000,0.000,0.000,0.000
42359.000,0.000,0.000,0.000
42399.000,0.000,0.000,0.000
42439.000,0.000,0.000,0.000
42479.000,0.000,0.000,0.000
42519.000,0.000,0.000,0.000
42559.000,0.000,0.000,0.000
42599.000,0.000,0.000,0.000
42639.000,0.000,0.000,0.000
42679.000,0.000,0.000,0.000
42719.000,0.000,0.000,0.000
42759.000,0.000,0.000,0.000
42799.000,0.000,0.000,0.000
42839.000,0.000,0.000,0.000
42879.000,0.000,0.000,0.000
42919.000,0.000,0.000,0.000
42959.000,0.000,0.000,0.000
43000.000,0.000,0.000,0.000
43039.000,0.000,0.000,0.000
43079.000,0.000,0.000,0.000
43119.000,0.000,0.000,0.000
43159.000,0.000,0.000,0.000
43199.000,0.000,0.000,0.000
43239.000,0.000,0.000,0.000
43279.000,0.000,0.000,0.000
43319.000,0.000,0.000,0.000
43359.000,0.000,0.000,0.000
43399.000,0.000,0.000,0.000
43440.000,0.000,0.000,0.000
43479.000,0.000,0.000,0.000
43519.000,0.000,0.000,0.000
43559.000,0.000,0.000,0.000
43599.000,0.000,0.000,0.000
43639.000,0.000,0.000,0.000
43679.000,0.000,0.000,0.000
43719.000,0.000,0.000,0.000
43759.000,0.000,0.000,0.000
43799.000,0.000,0.000,0.000
43839.000,0.000,0.000,0.000
43879.000,0.000,0.000,0.000
43919.000,0.000,0.000,0.000
43959.000,0.000,0.000,0.000
43999.000,0.000,0.000,0.000
44039.000,0.000,0.000,0.000
44079.000,0.000,0.000,0.000
44119.000,0.000,0.000,0.000
44159.000,0.000,0.000,0.000
44199.000,0.000,0.000,0.000
44239.000,0.000,0.000,0.000
44279.000,0.000,0.000,0.000
44319.000,0.000,0.000,0.000
44359.000,0.000,0.000,0.000
44399.000,0.000,0.000,0.000
44439.000,0.000,0.000,0.000
44479.000,0.000,0.000,0.000
44519.000,0.000,0.000,0.000
44559.000,0.000,0.000,0.000
44599.000,0.000,0.000,0.000
44639.000,0.000,0.000,0.000
44679.000,0.000,0.000,0.000
44719.000,0.000,0.000,0.000
44759.000,0.000,0.000,0.000
44799.000,0.000,0.000,0.000
44839.000,0.000,0.000,0.000
44879.000,0.000,0.000,0.000
44919.000,0.000,0.000,0.000
44959.000,0.000,0.000,0.000
44999.000,0.000,0.000,0.000
45039.000,0.000,0.000,0.000
45079.000,0.000,0.000,0.000
45119.000,0.000,0.000,0.000
45159.000,0.000,0.000,0.000
45199.000,0.000,0.000,0.000
45239.000,0.000,0.000,0.000
45279.000,0.000,0.000,0.000
45319.000,0.000,0.000,0.000
45360.000,0.000,0.000,0.000
45399.000,0.000,0.000,0.000
45439.000,0.000,0.000,0.000
45479.000,0.000,0.000,0.000
45519.000,0.000,0.000,0.000
45559.000,0.000,0.000,0.000
45599.000,0.000,0.000,0.000
45639.000,0.000,0.000,0.000
45679.000,0.000,0.000,0.000
45719.000,0.000,0.000,0.000
45759.000,0.000,0.000,0.000
45799.000,0.000,0.000,0.000
45839.000,0.000,0.000,0.000
45879.000,0.000,0.000,0.000
45919.000,0.000,0.000,0.000
45959.000,0.000,0.000,0.000
45999.000,0.000,0.000,0.000
46039.000,0.000,0.000,0.000
46079.000,0.000,0.000,0.000
46119.000,0.000,0.000,0.000
46159.000,0.000,0.000,0.000
46199.000,0.000,0.000,0.000
46239.000,0.000,0.000,0.000
46279.000,0.000,0.000,0.000
46319.000,0.000,0.000,0.000
46359.000,0.000,0.000,0.000
46399.000,0.000,0.000,0.000
46439.000,0.000,0.000,0.000
46479.000,0.000,0.000,0.000
46519.000,0.000,0.000,0.000
46559.000,0.000,0.000,0.000
46599.000,0.000,0.000,0.000
46639.000,0.000,0.000,0.000
46679.000,0.000,0.000,0.000
46719.000,0.000,0.000,0.000
46759.000,0.000,0.000,0.000
46799.000,0.000,0.000,0.000
46839.000,0.000,0.000,0.000
46879.000,0.000,0.000,0.000
46919.000,0.000,0.000,0.000
46959.000,0.000,0.000,0.000
46999.000,0.000,0.000,0.000
47039.000,0.000,0.000,0.000
47079.000,0.000,0.000,0.000
47119.000,0.000,0.000,0.000
47159.000,0.000,0.000,0.000
47199.000,0.000,0.000,0.000
47239.000,0.000,0.000,0.000
47279.000,0.000,0.000,0.000
47319.000,0.000,0.000,0.000
47359.000,0.000,0.000,0.000
47399.000,0.000,0.000,0.000
47439.000,0.000,0.000,0.000
47479.000,0.000,0.000,0.000
47519.000,0.000,0.000,0.000
47559.000,0.000,0.000,0.000
47599.000,0.000,0.000,0.000
47639.000,0.000,0.000,0.000
47679.000,0.000,0.000,0.000
47719.000,0.000,0.000,0.000
47759.000,0.000,0.000,0.000
47799.000,0.000,0.000,0.000
47839.000,0.000,0.000,0.000
47879.000,0.000,0.000,0.000
47919.000,0.000,0.000,0.000
47959.000,0.000,0.000,0.000
47999.000,0.000,0.000,0.000
48039.000,0.000,0.000,0.000
48079.000,0.000,0.000,0.000
48119.000,0.000,0.000,0.000
48159.000,0.000,0.000,0.000
48199.000,0.000,0.000,0.000
48239.000,0.000,0.000,0.000
48279.000,0.000,0.000,0.000
48319.000,0.000,0.000,0.000
48359.000,0.000,0.000,0.000
48399.000,0.000,0.000,0.000
48439.000,0.000,0.000,0.000
48479.000,0.000,0.000,0.000
48519.000,0.000,0.000,0.000
48559.000,0.000,0.000,0.000
48599.000,0.000,0.000,0.000
48639.000,0.000,0.000,0.000
48679.000,0.000,0.000,0.000
48719.000,0.000,0.000,0.000
48759.000,0.000,0.000,0.000
48799.000,0.000,0.000,0.000
48840.000,0.000,0.000,0.000
48879.000,0.000,0.000,0.000
48919.000,0.000,0.000,0.000
48959.000,0.000,0.000,0.000
48999.000,0.000,0.000,0.000
49039.000,0.000,0.000,0.000
49079.000,0.000,0.000,0.000
49119.000,0.000,0.000,0.000
49159.000,0.000,0.000,0.000
49199.000,0.000,0.000,0.000
49239.000,0.000,0.000,0.000
49279.000,0.000,0.000,0.000
49319.000,0.000,0.000,0.000
49359.000,0.000,0.000,0.000
49399.000,0.000,0.000,0.000
49439.000,0.000,0.000,0.000
49479.000,0.000,0.000,0.000
49519.000,0.000,0.000,0.000
49559.000,0.000,0.000,0.000
49599.000,0.000,0.000,0.000
49639.000,0.000,0.000,0.000
49679.000,0.000,0.000,0.000
49719.000,0.000,0.000,0.000
49759.000,0.000,0.000,0.000
49799.000,0.000,0.000,0.000
49840.000,0.000,0.000,0.000
49879.000,0.000,0.000,0.000
49919.000,0.000,0.000,0.000
49959.000,0.000,0.000,0.000
49999.000,0.000,0.000,0.000
50039.000,0.000,0.000,0.000
50079.000,0.000,0.000,0.000
50119.000,0.000,0.000,0.000
50159.000,0.000,0.000,0.000
50199.000,0.000,0.000,0.000
50239.000,0.000,0.000,0.000
50279.000,0.000,0.000,0.000
50319.000,0.000,0.000,0.000
50359.000,0.000,0.000,0.000
50399.000,0.000,0.000,0.000
50439.000,0.000,0.000,0.000
50479.000,0.000,0.000,0.000
50519.000,0.000,0.000,0.000
50559.000,0.000,0.000,0.000
50599.000,0.000,0.000,0.000
50639.000,0.000,0.000,0.000
50679.000,0.000,0.000,0.000
50719.000,0.000,0.000,0.000
50759.000,0.000,0.000,0.000
50799.000,0.000,0.000,0.000
50839.000,0.000,0.000,0.000
50879.000,0.000,0.000,0.000
50919.000,0.000,0.000,0.000
50959.000,0.000,0.000,0.000
50999.000,0.000,0.000,0.000
51039.000,0.000,0.000,0.000
51079.000,0.000,0.000,0.000
51119.000,0.000,0.000,0.000
51159.000,0.000,0.000,0.000
51199.000,0.000,0.000,0.000
51239.000,0.000,0.000,0.000
51279.000,0.000,0.000,0.000
51319.000,0.000,0.000,0.000
51359.000,0.000,0.000,0.000
51399.000,0.000,0.000,0.000
51439.000,0.000,0.000,0.000
51479.000,0.000,0.000,0.000
51519.000,0.000,0.000,0.000
51559.000,0.000,0.000,0.000
51599.000,0.000,0.000,0.000
51639.000,0.000,0.000,0.000
51679.000,0.000,0.000,0.000
51719.000,0.000,0.000,0.000
51759.000,0.000,0.000,0.000
51799.000,0.000,0.000,0.000
51839.000,0.000,0.000,0.000
51879.000,0.000,0.000,0.000
51919.000,0.000,0.000,0.000
51959.000,0.000,0.000,0.000
51999.000,0.000,0.000,0.000
52039.000,0.000,0.000,0.000
52079.000,0.000,0.000,0.000
52119.000,0.000,0.000,0.000
52159.000,0.000,0.000,0.000
52199.000,0.000,0.000,0.000
52239.000,0.000,0.000,0.000
52279.000,0.000,0.000,0.000
52319.000,0.000,0.000,0.000
52359.000,0.000,0.000,0.000
52399.000,0.000,0.000,0.000
52439.000,0.000,0.000,0.000
52479.000,0.000,0.000,0.000
52519.000,0.000,0.000,0.000
52559.000,0.000,0.000,0.000
52599.000,0.000,0.000,0.000
52639.000,0.000,0.000,0.000
52679.000,0.000,0.000,0.000
52719.000,0.000,0.000,0.000
52759.000,0.000,0.000,0.000
52799.000,0.000,0.000,0.000
52839.000,0.000,0.000,0.000
52879.000,0.000,0.000,0.000
52919.000,0.000,0.000,0.000
52959.000,0.000,0.000,0.000
52999.000,0.000,0.000,0.000
53039.000,0.000,0.000,0.000
53079.000,0.000,0.000,0.000
53119.000,0.000,0.000,0.000
53159.000,0.000,0.000,0.000
53199.000,0.000,0.000,0.000
53239.000,0.000,0.000,0.000
53279.000,0.000,0.000,0.000
53319.000,0.000,0.000,0.000
53359.000,0.000,0.000,0.000
53399.000,0.000,0.000,0.000
53439.000,0.000,0.000,0.000
53479.000,0.000,0.000,0.000
53519.000,0.000,0.000,0.000
53559.000,0.000,0.000,0.000
53599.000,0.000,0.000,0.000
53639.000,0.000,0.000,0.000
53679.000,0.000,0.000,0.000
53719.000,0.000,0.000,0.000
53759.000,0.000,0.000,0.000
53799.000,0.000,0.000,0.000
53839.000,0.000,0.000,0.000
53879.000,0.000,0.000,0.000
53919.000,0.000,0.000,0.000
53959.000,0.000,0.000,0.000
53999.000,0.000,0.000,0.000
54039.000,0.000,0.000,0.000
54082.000,0.000,0.000,0.000
54119.000,0.000,0.000,0.000
54159.000,0.000,0.000,0.000
54199.000,0.000,0.000,0.000
54239.000,0.000,0.000,0.000
54279.000,0.000,0.000,0.000
54319.000,0.000,0.000,0.000
54359.000,0.000,0.000,0.000
54399.000,0.000,0.000,0.000
54439.000,0.000,0.000,0.000
54480.000,0.000,0.000,0.000
54519.000,0.000,0.000,0.000
54559.000,0.000,0.000,0.000
54599.000,0.000,0.000,0.000
54639.000,0.000,0.000,0.000
54679.000,0.000,0.000,0.000
54719.000,0.000,0.000,0.000
54759.000,0.000,0.000,0.000
54799.000,0.000,0.000,0.000
54839.000,0.000,0.000,0.000
54879.000,0.000,0.000,0.000
54919.000,0.000,0.000,0.000
54959.000,0.000,0.000,0.000
54999.000,0.000,0.000,0.000
55039.000,0.000,0.000,0.000
55079.000,0.000,0.000,0.000
55119.000,0.000,0.000,0.000
55159.000,0.000,0.000,0.000
55199.000,0.000,0.000,0.000
55239.000,0.000,0.000,0.000
55280.000,0.000,0.000,0.000
55319.000,0.000,0.000,0.000
55359.000,0.000,0.000,0.000
55399.000,0.000,0.000,0.000
55442.000,0.000,0.000,0.000
55479.000,0.000,0.000,0.000
55519.000,0.000,0.000,0.000
55559.000,0.000,0.000,0.000
55599.000,0.000,0.000,0.000
55639.000,0.000,0.000,0.000
55679.000,0.000,0.000,0.000
55719.000,0.000,0.000,0.000
55759.000,0.000,0.000,0.000
55799.000,0.000,0.000,0.000
55839.000,0.000,0.000,0.000
55879.000,0.000,0.000,0.000
55919.000,0.000,0.000,0.000
55959.000,0.000,0.000,0.000
55999.000,0.000,0.000,0.000
56039.000,0.000,0.000,0.000
56079.000,0.000,0.000,0.000
56119.000,0.000,0.000,0.000
56159.000,0.000,0.000,0.000
56199.000,0.000,0.000,0.000
56239.000,0.000,0.000,0.000
56279.000,0.000,0.000,0.000
56319.000,0.000,0.000,0.000
56359.000,0.000,0.000,0.000
56399.000,0.000,0.000,0.000
56439.000,0.000,0.000,0.000
56479.000,0.000,0.000,0.000
56519.000,0.000,0.000,0.000
56559.000,0.000,0.000,0.000
56599.000,0.000,0.000,0.000
56639.000,0.000,0.000,0.000
56680.000,0.000,0.000,0.000
56719.000,0.000,0.000,0.000
56759.000,0.000,0.000,0.000
56799.000,0.000,0.000,0.000
56839.000,0.000,0.000,0.000
56879.000,0.000,0.000,0.000
56919.000,0.000,0.000,0.000
56959.000,0.000,0.000,0.000
56999.000,0.000,0.000,0.000
57039.000,0.000,0.000,0.000
57079.000,0.000,0.000,0.000
57120.000,0.000,0.000,0.000
57159.000,0.000,0.000,0.000
57199.000,0.000,0.000,0.000
57239.000,0.000,0.000,0.000
57279.000,0.000,0.000,0.000
57319.000,0.000,0.000,0.000
57359.000,0.000,0.000,0.000
57399.000,0.000,0.000,0.000
57439.000,0.000,0.000,0.000
57479.000,0.000,0.000,0.000
57519.000,0.000,0.000,0.000
57559.000,0.000,0.000,0.000
57599.000,0.000,0.000,0.000
57639.000,0.000,0.000,0.000
57679.000,0.000,0.000,0.000
57719.000,0.000,0.000,0.000
57759.000,0.000,0.000,0.000
57799.000,0.000,0.000,0.000
57839.000,0.000,0.000,0.000
57879.000,0.000,0.000,0.000
57919.000,0.000,0.000,0.000
57959.000,0.000,0.000,0.000
57999.000,0.000,0.000,0.000
58039.000,0.000,0.000,0.000
58079.000,0.000,0.000,0.000
58119.000,0.000,0.000,0.000
58159.000,0.000,0.000,0.000
58199.000,0.000,0.000,0.000
58239.000,0.000,0.000,0.000
58279.000,0.000,0.000,0.000
58319.000,0.000,0.000,0.000
58359.000,0.000,0.000,0.000
58399.000,0.000,0.000,0.000
58439.000,0.000,0.000,0.000
58479.000,0.000,0.000,0.000
58519.000,0.000,0.000,0.000
58559.000,0.000,0.000,0.000
58599.000,0.000,0.000,0.000
58639.000,0.000,0.000,0.000
58679.000,0.000,0.000,0.000
58719.000,0.000,0.000,0.000
58759.000,0.000,0.000,0.000
58799.000,0.000,0.000,0.000
58839.000,0.000,0.000,0.000
58879.000,0.000,0.000,0.000
58919.000,0.000,0.000,0.000
58959.000,0.000,0.000,0.000
58999.000,0.000,0.000,0.000
59039.000,0.000,0.000,0.000
59079.000,0.000,0.000,0.000
59119.000,0.000,0.000,0.000
59159.000,0.000,0.000,0.000
59199.000,0.000,0.000,0.000
59239.000,0.000,0.000,0.000
59279.000,0.000,0.000,0.000
59319.000,0.000,0.000,0.000
59360.000,0.000,0.000,0.000
59399.000,0.000,0.000,0.000
59439.000,0.000,0.000,0.000
59479.000,0.000,0.000,0.000
59519.000,0.000,0.000,0.000
59559.000,0.000,0.000,0.000
59599.000,0.000,0.000,0.000
59639.000,0.000,0.000,0.000
59679.000,0.000,0.000,0.000
59719.000,0.000,0.000,0.000
59759.000,0.000,0.000,0.000
59799.000,0.000,0.000,0.000
59839.000,0.000,0.000,0.000
59879.000,0.000,0.000,0.000
59919.000,0.000,0.000,0.000
59959.000,0.000,0.000,0.000
59999.000,0.000,0.000,0.000
60039.000,0.000,0.000,0.000
60079.000,0.000,0.000,0.000
60119.000,0.000,0.000,0.000
60159.000,0.000,0.000,0.000
60199.000,0.000,0.000,0.000
60239.000,0.000,0.000,0.000
60279.000,0.000,0.000,0.000
60319.000,0.000,0.000,0.000
60359.000,0.000,0.000,0.000
60399.000,0.000,0.000,0.000
60440.000,0.000,0.000,0.000
60479.000,0.000,0.000,0.000
60519.000,0.000,0.000,0.000
60559.000,0.000,0.000,0.000
60599.000,0.000,0.000,0.000
60639.000,0.000,0.000,0.000
60679.000,0.000,0.000,0.000
60719.000,0.000,0.000,0.000
60759.000,0.000,0.000,0.000
60799.000,0.000,0.000,0.000
60839.000,0.000,0.000,0.000
60879.000,0.000,0.000,0.000
60919.000,0.000,0.000,0.000
60959.000,0.000,0.000,0.000
60999.000,0.000,0.000,0.000
61039.000,0.000,0.000,0.000
61079.000,0.000,0.000,0.000
61119.000,0.000,0.000,0.000
61159.000,0.000,0.000,0.000
61199.000,0.000,0.000,0.000
61239.000,0.000,0.000,0.000
61279.000,0.000,0.000,0.000
61319.000,0.000,0.000,0.000
61359.000,0.000,0.000,0.000
61399.000,0.000,0.000,0.000
61439.000,0.000,0.000,0.000
61480.000,0.000,0.000,0.000
61519.000,0.000,0.000,0.000
61559.000,0.000,0.000,0.000
61599.000,0.000,0.000,0.000
61639.000,0.000,0.000,0.000
61679.000,0.000,0.000,0.000
61719.000,0.000,0.000,0.000
61759.000,0.000,0.000,0.000
61799.000,0.000,0.000,0.000
61839.000,0.000,0.000,0.000
61879.000,0.000,0.000,0.000
61919.000,0.000,0.000,0.000
61959.000,0.000,0.000,0.000
61999.000,0.000,0.000,0.000
62039.000,0.000,0.000,0.000
62079.000,0.000,0.000,0.000
62119.000,0.000,0.000,0.000
62159.000,0.000,0.000,0.000
62199.000,0.000,0.000,0.000
62241.000,0.000,0.000,0.000
62279.000,0.000,0.000,0.000
62319.000,0.000,0.000,0.000
62359.000,0.000,0.000,0.000
62399.000,0.000,0.000,0.000
62439.000,0.000,0.000,0.000
62479.000,0.000,0.000,0.000
62519.000,0.000,0.000,0.000
62559.000,0.000,0.000,0.000
62599.000,0.000,0.000,0.000
62639.000,0.000,0.000,0.000
62679.000,0.000,0.000,0.000
62719.000,0.000,0.000,0.000
62759.000,0.000,0.000,0.000
62799.000,0.000,0.000,0.000
62839.000,0.000,0.000,0.000
62879.000,0.000,0.000,0.000
62919.000,0.000,0.000,0.000
62959.000,0.000,0.000,0.000
63000.000,0.000,0.000,0.000
63039.000,0.000,0.000,0.000
63079.000,0.000,0.000,0.000
63119.000,0.000,0.000,0.000
63159.000,0.000,0.000,0.000
63199.000,0.000,0.000,0.000
63239.000,0.000,0.000,0.000
63279.000,0.000,0.000,0.000
63319.000,0.000,0.000,0.000
63359.000,0.000,0.000,0.000
63400.000,0.000,0.000,0.000
63439.000,0.000,0.000,0.000
63481.000,0.000,0.000,0.000
63520.000,0.000,0.000,0.000
63559.000,0.000,0.000,0.000
63600.000,0.000,0.000,0.000
63639.000,0.000,0.000,0.000
63679.000,0.000,0.000,0.000
63719.000,0.000,0.000,0.000
63759.000,0.000,0.000,0.000
63799.000,0.000,0.000,0.000
63839.000,0.000,0.000,0.000
63879.000,0.000,0.000,0.000
63919.000,0.000,0.000,0.000
63959.000,0.000,0.000,0.000
63999.000,0.000,0.000,0.000
64039.000,0.000,0.000,0.000
64079.000,0.000,0.000,0.000
64119.000,0.000,0.000,0.000
64159.000,0.000,0.000,0.000
64199.000,0.000,0.000,0.000
64240.000,0.000,0.000,0.000
64279.000,0.000,0.000,0.000
64319.000,0.000,0.000,0.000
64359.000,0.000,0.000,0.000
64399.000,0.000,0.000,0.000
64439.000,0.000,0.000,0.000
64479.000,0.000,0.000,0.000
64519.000,0.000,0.000,0.000
64559.000,0.000,0.000,0.000
64599.000,0.000,0.000,0.000
64639.000,0.000,0.000,0.000
64679.000,0.000,0.000,0.000
64719.000,0.000,0.000,0.000
64759.000,0.000,0.000,0.000
64799.000,0.000,0.000,0.000
64839.000,0.000,0.000,0.000
64879.000,0.000,0.000,0.000
64919.000,0.000,0.000,0.000
64960.000,0.000,0.000,0.000
64999.000,0.000,0.000,0.000
65039.000,0.000,0.000,0.000
65079.000,0.000,0.000,0.000
65119.000,0.000,0.000,0.000
65159.000,0.000,0.000,0.000
65199.000,0.000,0.000,0.000
65239.000,0.000,0.000,0.000
65279.000,0.000,0.000,0.000
65319.000,0.000,0.000,0.000
65359.000,0.000,0.000,0.000
65399.000,0.000,0.000,0.000
65439.000,0.000,0.000,0.000
65479.000,0.000,0.000,0.000
65519.000,0.000,0.000,0.000
65559.000,0.000,0.000,0.000
65599.000,0.000,0.000,0.000
65639.000,0.000,0.000,0.000
65679.000,0.000,0.000,0.000
65719.000,0.000,0.000,0.000
65759.000,0.000,0.000,0.000
65799.000,0.000,0.000,0.000
65839.000,0.000,0.000,0.000
65879.000,0.000,0.000,0.000
65919.000,0.000,0.000,0.000
65959.000,0.000,0.000,0.000
65999.000,0.000,0.000,0.000
66039.000,0.000,0.000,0.000
66079.000,0.000,0.000,0.000
66119.000,0.000,0.000,0.000
66159.000,0.000,0.000,0.000
66199.000,0.000,0.000,0.000
66239.000,0.000,0.000,0.000
66279.000,0.000,0.000,0.000
66319.000,0.000,0.000,0.000
66359.000,0.000,0.000,0.000
66399.000,0.000,0.000,0.000
66439.000,0.000,0.000,0.000
66479.000,0.000,0.000,0.000
66519.000,0.000,0.000,0.000
66559.000,0.000,0.000,0.000
66599.000,0.000,0.000,0.000
66639.000,0.000,0.000,0.000
66679.000,0.000,0.000,0.000
66719.000,0.000,0.000,0.000
66760.000,0.000,0.000,0.000
66799.000,0.000,0.000,0.000
66839.000,0.000,0.000,0.000
66879.000,0.000,0.000,0.000
66919.000,0.000,0.000,0.000
66960.000,0.000,0.000,0.000
66999.000,0.000,0.000,0.000
67039.000,0.000,0.000,0.000
67079.000,0.000,0.000,0.000
67119.000,0.000,0.000,0.000
67159.000,0.000,0.000,0.000
67199.000,0.000,0.000,0.000
67239.000,0.000,0.000,0.000
67279.000,0.000,0.000,0.000
67319.000,0.000,0.000,0.000
67359.000,0.000,0.000,0.000
67399.000,0.000,0.000,0.000
67439.000,0.000,0.000,0.000
67479.000,0.000,0.000,0.000
67519.000,0.000,0.000,0.000
67559.000,0.000,0.000,0.000
67599.000,0.000,0.000,0.000
67639.000,0.000,0.000,0.000
67679.000,0.000,0.000,0.000
67719.000,0.000,0.000,0.000
67759.000,0.000,0.000,0.000
67799.000,0.000,0.000,0.000
67839.000,0.000,0.000,0.000
67879.000,0.000,0.000,0.000
67919.000,0.000,0.000,0.000
67959.000,0.000,0.000,0.000
67999.000,0.000,0.000,0.000
68039.000,0.000,0.000,0.000
68079.000,0.000,0.000,0.000
68119.000,0.000,0.000,0.000
68159.000,0.000,0.000,0.000
68199.000,0.000,0.000,0.000
68239.000,0.000,0.000,0.000
68279.000,0.000,0.000,0.000
68319.000,0.000,0.000,0.000
68359.000,0.000,0.000,0.000
68399.000,0.000,0.000,0.000
68439.000,0.000,0.000,0.000
68479.000,0.000,0.000,0.000
68519.000,0.000,0.000,0.000
68559.000,0.000,0.000,0.000
68599.000,0.000,0.000,0.000
68639.000,0.000,0.000,0.000
68679.000,0.000,0.000,0.000
68719.000,0.000,0.000,0.000
68759.000,0.000,0.000,0.000
68799.000,0.000,0.000,0.000
68839.000,0.000,0.000,0.000
68879.000,0.000,0.000,0.000
68920.000,0.000,0.000,0.000
68959.000,0.000,0.000,0.000
68999.000,0.000,0.000,0.000
69039.000,0.000,0.000,0.000
69079.000,0.000,0.000,0.000
69119.000,0.000,0.000,0.000
69159.000,0.000,0.000,0.000
69199.000,0.000,0.000,0.000
69239.000,0.000,0.000,0.000
69279.000,0.000,0.000,0.000
69319.000,0.000,0.000,0.000
69359.000,0.000,0.000,0.000
69399.000,0.000,0.000,0.000
69439.000,0.000,0.000,0.000
69479.000,0.000,0.000,0.000
69519.000,0.000,0.000,0.000
69559.000,0.000,0.000,0.000
69599.000,0.000,0.000,0.000
69639.000,0.000,0.000,0.000
69679.000,0.000,0.000,0.000
69719.000,0.000,0.000,0.000
69759.000,0.000,0.000,0.000
69799.000,0.000,0.000,0.000
69839.000,0.000,0.000,0.000
69879.000,0.000,0.000,0.000
69919.000,0.000,0.000,0.000
69959.000,0.000,0.000,0.000
69999.000,0.000,0.000,0.000
70039.000,0.000,0.000,0.000
70079.000,0.000,0.000,0.000
70119.000,0.000,0.000,0.000
70159.000,0.000,0.000,0.000
70199.000,0.000,0.000,0.000
70240.000,0.000,0.000,0.000
70279.000,0.000,0.000,0.000
70319.000,0.000,0.000,0.000
70359.000,0.000,0.000,0.000
70399.000,0.000,0.000,0.000
70439.000,0.000,0.000,0.000
70479.000,0.000,0.000,0.000
70519.000,0.000,0.000,0.000
70559.000,0.000,0.000,0.000
70599.000,0.000,0.000,0.000
70639.000,0.000,0.000,0.000
70679.000,0.000,0.000,0.000
70719.000,0.000,0.000,0.000
70759.000,0.000,0.000,0.000
70799.000,0.000,0.000,0.000
70839.000,0.000,0.000,0.000
70879.000,0.000,0.000,0.000
70919.000,0.000,0.000,0.000
70959.000,0.000,0.000,0.000
70999.000,0.000,0.000,0.000
71039.000,0.000,0.000,0.000
71079.000,0.000,0.000,0.000
71119.000,0.000,0.000,0.000
71159.000,0.000,0.000,0.000
71199.000,0.000,0.000,0.000
71239.000,0.000,0.000,0.000
71279.000,0.000,0.000,0.000
71319.000,0.000,0.000,0.000
71359.000,0.000,0.000,0.000
71399.000,0.000,0.000,0.000
71439.000,0.000,0.000,0.000
71479.000,0.000,0.000,0.000
71519.000,0.000,0.000,0.000
71559.000,0.000,0.000,0.000
71599.000,0.000,0.000,0.000
71639.000,0.000,0.000,0.000
71679.000,0.000,0.000,0.000
71719.000,0.000,0.000,0.000
71759.000,0.000,0.000,0.000
71799.000,0.000,0.000,0.000
71839.000,0.000,0.000,0.000
71879.000,0.000,0.000,0.000
71919.000,0.000,0.000,0.000
71959.000,0.000,0.000,0.000
71999.000,0.000,0.000,0.000
72039.000,0.000,0.000,0.000
72079.000,0.000,0.000,0.000
72119.000,0.000,0.000,0.000
72159.000,0.000,0.000,0.000
72199.000,0.000,0.000,0.000
72239.000,0.000,0.000,0.000
72279.000,0.000,0.000,0.000
72319.000,0.000,0.000,0.000
72359.000,0.000,0.000,0.000
72399.000,0.000,0.000,0.000
72439.000,0.000,0.000,0.000
72479.000,0.000,0.000,0.000
72519.000,0.000,0.000,0.000
72559.000,0.000,0.000,0.000
72599.000,0.000,0.000,0.000
72639.000,0.000,0.000,0.000
72679.000,0.000,0.000,0.000
72719.000,0.000,0.000,0.000
72759.000,0.000,0.000,0.000
72799.000,0.000,0.000,0.000
72839.000,0.000,0.000,0.000
72879.000,0.000,0.000,0.000
72919.000,0.000,0.000,0.000
72959.000,0.000,0.000,0.000
72999.000,0.000,0.000,0.000
73039.000,0.000,0.000,0.000
73079.000,0.000,0.000,0.000
73119.000,0.000,0.000,0.000
73199.000,0.000,0.000,0.000
73239.000,0.000,0.000,0.000
73279.000,0.000,0.000,0.000
73319.000,0.000,0.000,0.000
73359.000,0.000,0.000,0.000
73399.000,0.000,0.000,0.000
73439.000,0.000,0.000,0.000
73479.000,0.000,0.000,0.000
73519.000,0.000,0.000,0.000
73559.000,0.000,0.000,0.000
73599.000,0.000,0.000,0.000
73639.000,0.000,0.000,0.000
73679.000,0.000,0.000,0.000
73719.000,0.000,0.000,0.000
73759.000,0.000,0.000,0.000
73799.000,0.000,0.000,0.000
73839.000,0.000,0.000,0.000
73879.000,0.000,0.000,0.000
73919.000,0.000,0.000,0.000
73959.000,0.000,0.000,0.000
73999.000,0.000,0.000,0.000
74039.000,0.000,0.000,0.000
74079.000,0.000,0.000,0.000
74119.000,0.000,0.000,0.000
74159.000,0.000,0.000,0.000
74199.000,0.000,0.000,0.000
74239.000,0.000,0.000,0.000
74279.000,0.000,0.000,0.000
74320.000,0.000,0.000,0.000
74359.000,0.000,0.000,0.000
74399.000,0.000,0.000,0.000
74439.000,0.000,0.000,0.000
74479.000,0.000,0.000,0.000
74519.000,0.000,0.000,0.000
74559.000,0.000,0.000,0.000
74599.000,0.000,0.000,0.000
74639.000,0.000,0.000,0.000
74679.000,0.000,0.000,0.000
74719.000,0.000,0.000,0.000
74759.000,0.000,0.000,0.000
74799.000,0.000,0.000,0.000
74839.000,0.000,0.000,0.000
74879.000,0.000,0.000,0.000
74919.000,0.000,0.000,0.000
74959.000,0.000,0.000,0.000
74999.000,0.000,0.000,0.000
75039.000,0.000,0.000,0.000
75079.000,0.000,0.000,0.000
75119.000,0.000,0.000,0.000
75159.000,0.000,0.000,0.000
75199.000,0.000,0.000,0.000
75239.000,0.000,0.000,0.000
75279.000,0.000,0.000,0.000
75319.000,0.000,0.000,0.000
75359.000,0.000,0.000,0.000
75399.000,0.000,0.000,0.000
75439.000,0.000,0.000,0.000
75479.000,0.000,0.000,0.000
75519.000,0.000,0.000,0.000
75559.000,0.000,0.000,0.000
75599.000,0.000,0.000,0.000
75639.000,0.000,0.000,0.000
75679.000,0.000,0.000,0.000
75719.000,0.000,0.000,0.000
75759.000,0.000,0.000,0.000
75799.000,0.000,0.000,0.000
75839.000,0.000,0.000,0.000
75880.000,0.000,0.000,0.000
75920.000,0.000,0.000,0.000
75959.000,0.000,0.000,0.000
75999.000,0.000,0.000,0.000
76039.000,0.000,0.000,0.000
76079.000,0.000,0.000,0.000
76119.000,0.000,0.000,0.000
76159.000,0.000,0.000,0.000
76199.000,0.000,0.000,0.000
76239.000,0.000,0.000,0.000
76279.000,0.000,0.000,0.000
76319.000,0.000,0.000,0.000
76359.000,0.000,0.000,0.000
76399.000,0.000,0.000,0.000
76439.000,0.000,0.000,0.000
76479.000,0.000,0.000,0.000
76519.000,0.000,0.000,0.000
76559.000,0.000,0.000,0.000
76599.000,0.000,0.000,0.000
76640.000,0.000,0.000,0.000
76679.000,0.000,0.000,0.000
76719.000,0.000,0.000,0.000
76759.000,0.000,0.000,0.000
76799.000,0.000,0.000,0.000
76839.000,0.000,0.000,0.000
76879.000,0.000,0.000,0.000
76919.000,0.000,0.000,0.000
76959.000,0.000,0.000,0.000
76999.000,0.000,0.000,0.000
77039.000,0.000,0.000,0.000
77079.000,0.000,0.000,0.000
77119.000,0.000,0.000,0.000
77159.000,0.000,0.000,0.000
77199.000,0.000,0.000,0.000
77239.000,0.000,0.000,0.000
77279.000,0.000,0.000,0.000
77319.000,0.000,0.000,0.000
77359.000,0.000,0.000,0.000
77399.000,0.000,0.000,0.000
77439.000,0.000,0.000,0.000
77479.000,0.000,0.000,0.000
77519.000,0.000,0.000,0.000
77559.000,0.000,0.000,0.000
77599.000,0.000,0.000,0.000
77639.000,0.000,0.000,0.000
77679.000,0.000,0.000,0.000
77719.000,0.000,0.000,0.000
77759.000,0.000,0.000,0.000
77799.000,0.000,0.000,0.000
77839.000,0.000,0.000,0.000
77879.000,0.000,0.000,0.000
77919.000,0.000,0.000,0.000
77959.000,0.000,0.000,0.000
77999.000,0.000,0.000,0.000
78039.000,0.000,0.000,0.000
78079.000,0.000,0.000,0.000
78119.000,0.000,0.000,0.000
78159.000,0.000,0.000,0.000
78199.000,0.000,0.000,0.000
78239.000,0.000,0.000,0.000
78279.000,0.000,0.000,0.000
78319.000,0.000,0.000,0.000
78359.000,0.000,0.000,0.000
78399.000,0.000,0.000,0.000
78439.000,0.000,0.000,0.000
78479.000,0.000,0.000,0.000
78519.000,0.000,0.000,0.000
78559.000,0.000,0.000,0.000
78599.000,0.000,0.000,0.000
78639.000,0.000,0.000,0.000
78679.000,0.000,0.000,0.000
78719.000,0.000,0.000,0.000
78759.000,0.000,0.000,0.000
78799.000,0.000,0.000,0.000
78839.000,0.000,0.000,0.000
78879.000,0.000,0.000,0.000
78919.000,0.000,0.000,0.000
78959.000,0.000,0.000,0.000
78999.000,0.000,0.000,0.000
79039.000,0.000,0.000,0.000
79079.000,0.000,0.000,0.000
79119.000,0.000,0.000,0.000
79159.000,0.000,0.000,0.000
79199.000,0.000,0.000,0.000
79239.000,0.000,0.000,0.000
79279.000,0.000,0.000,0.000
79319.000,0.000,0.000,0.000
79359.000,0.000,0.000,0.000
79399.000,0.000,0.000,0.000
79439.000,0.000,0.000,0.000
79479.000,0.000,0.000,0.000
79519.000,0.000,0.000,0.000
79559.000,0.000,0.000,0.000
79599.000,0.000,0.000,0.000
79639.000,0.000,0.000,0.000
79679.000,0.000,0.000,0.000
79719.000,0.000,0.000,0.000
79759.000,0.000,0.000,0.000
79800.000,0.000,0.000,0.000
79839.000,0.000,0.000,0.000
79879.000,0.000,0.000,0.000
79919.000,0.000,0.000,0.000
79959.000,0.000,0.000,0.000
79999.000,0.000,0.000,0.000
80039.000,0.000,0.000,0.000
80079.000,0.000,0.000,0.000
80119.000,0.000,0.000,0.000
80159.000,0.000,0.000,0.000
80199.000,0.000,0.000,0.000
80239.000,0.000,0.000,0.000
80279.000,0.000,0.000,0.000
80319.000,0.000,0.000,0.000
80359.000,0.000,0.000,0.000
80399.000,0.000,0.000,0.000
80439.000,0.000,0.000,0.000
80479.000,0.000,0.000,0.000
80519.000,0.000,0.000,0.000
80559.000,0.000,0.000,0.000
80599.000,0.000,0.000,0.000
80639.000,0.000,0.000,0.000
80679.000,0.000,0.000,0.000
80719.000,0.000,0.000,0.000
80759.000,0.000,0.000,0.000
80799.000,0.000,0.000,0.000
80839.000,0.000,0.000,0.000
80879.000,0.000,0.000,0.000
80919.000,0.000,0.000,0.000
80959.000,0.000,0.000,0.000
80999.000,0.000,0.000,0.000
81039.000,0.000,0.000,0.000
81079.000,0.000,0.000,0.000
81119.000,0.000,0.000,0.000
81159.000,0.000,0.000,0.000
81199.000,0.000,0.000,0.000
81239.000,0.000,0.000,0.000
81279.000,0.000,0.000,0.000
81319.000,0.000,0.000,0.000
81359.000,0.000,0.000,0.000
81399.000,0.000,0.000,0.000
81439.000,0.000,0.000,0.000
81479.000,0.000,0.000,0.000
81519.000,0.000,0.000,0.000
81559.000,0.000,0.000,0.000
81599.000,0.000,0.000,0.000
81639.000,0.000,0.000,0.000
81679.000,0.000,0.000,0.000
81719.000,0.000,0.000,0.000
81759.000,0.000,0.000,0.000
81799.000,0.000,0.000,0.000
81839.000,0.000,0.000,0.000
81879.000,0.000,0.000,0.000
81919.000,0.000,0.000,0.000
81959.000,0.000,0.000,0.000
81999.000,0.000,0.000,0.000
82039.000,0.000,0.000,0.000
82079.000,0.000,0.000,0.000
82119.000,0.000,0.000,0.000
82159.000,0.000,0.000,0.000
82199.000,0.000,0.000,0.000
82239.000,0.000,0.000,0.000
82279.000,0.000,0.000,0.000
82319.000,0.000,0.000,0.000
82359.000,0.000,0.000,0.000
82399.000,0.000,0.000,0.000
82439.000,0.000,0.000,0.000
82479.000,0.000,0.000,0.000
82519.000,0.000,0.000,0.000
82559.000,0.000,0.000,0.000
82599.000,0.000,0.000,0.000
82639.000,0.000,0.000,0.000
82679.000,0.000,0.000,0.000
82719.000,0.000,0.000,0.000
82759.000,0.000,0.000,0.000
82799.000,0.000,0.000,0.000
82839.000,0.000,0.000,0.000
82879.000,0.000,0.000,0.000
82919.000,0.000,0.000,0.000
82959.000,0.000,0.000,0.000
82999.000,0.000,0.000,0.000
83039.000,0.000,0.000,0.000
83079.000,0.000,0.000,0.000
83119.000,0.000,0.000,0.000
83159.000,0.000,0.000,0.000
83199.000,0.000,0.000,0.000
83239.000,0.000,0.000,0.000
83279.000,0.000,0.000,0.000
83319.000,0.000,0.000,0.000
83359.000,0.000,0.000,0.000
83399.000,0.000,0.000,0.000
83439.000,0.000,0.000,0.000
83479.000,0.000,0.000,0.000
83519.000,0.000,0.000,0.000
83559.000,0.000,0.000,0.000
83599.000,0.000,0.000,0.000
83639.000,0.000,0.000,0.000
83679.000,0.000,0.000,0.000
83719.000,0.000,0.000,0.000
83760.000,0.000,0.000,0.000
83799.000,0.000,0.000,0.000
83839.000,0.000,0.000,0.000
83879.000,0.000,0.000,0.000
83919.000,0.000,0.000,0.000
83959.000,0.000,0.000,0.000
83999.000,0.000,0.000,0.000
84039.000,0.000,0.000,0.000
84079.000,0.000,0.000,0.000
84119.000,0.000,0.000,0.000
84159.000,0.000,0.000,0.000
84199.000,0.000,0.000,0.000
84239.000,0.000,0.000,0.000
84279.000,0.000,0.000,0.000
84319.000,0.000,0.000,0.000
84359.000,0.000,0.000,0.000
84399.000,0.000,0.000,0.000
84439.000,0.000,0.000,0.000
84479.000,0.000,0.000,0.000
84519.000,0.000,0.000,0.000
84559.000,0.000,0.000,0.000
84599.000,0.000,0.000,0.000
84639.000,0.000,0.000,0.000
84679.000,0.000,0.000,0.000
84719.000,0.000,0.000,0.000
84759.000,0.000,0.000,0.000
84799.000,0.000,0.000,0.000
84839.000,0.000,0.000,0.000
84879.000,0.000,0.000,0.000
84919.000,0.000,0.000,0.000
84959.000,0.000,0.000,0.000
84999.000,0.000,0.000,0.000
85039.000,0.000,0.000,0.000
85079.000,0.000,0.000,0.000
85119.000,0.000,0.000,0.000
85159.000,0.000,0.000,0.000
85199.000,0.000,0.000,0.000
85239.000,0.000,0.000,0.000
85319.000,0.000,0.000,0.000
85359.000,0.000,0.000,0.000
85399.000,0.000,0.000,0.000
85439.000,0.000,0.000,0.000
85479.000,0.000,0.000,0.000
85519.000,0.000,0.000,0.000
85559.000,0.000,0.000,0.000
85599.000,0.000,0.000,0.000
85639.000,0.000,0.000,0.000
85679.000,0.000,0.000,0.000
85719.000,0.000,0.000,0.000
85759.000,0.000,0.000,0.000
85799.000,0.000,0.000,0.000
85839.000,0.000,0.000,0.000
85879.000,0.000,0.000,0.000
85919.000,0.000,0.000,0.000
85959.000,0.000,0.000,0.000
85999.000,0.000,0.000,0.000
86039.000,0.000,0.000,0.000
86079.000,0.000,0.000,0.000
86119.000,0.000,0.000,0.000
86159.000,0.000,0.000,0.000
86199.000,0.000,0.000,0.000
86239.000,0.000,0.000,0.000
86279.000,0.000,0.000,0.000
86319.000,0.000,0.000,0.000
86359.000,0.000,0.000,0.000
86399.000,0.000,0.000,0.000
86439.000,0.000,0.000,0.000
86479.000,0.000,0.000,0.000
86519.000,0.000,0.000,0.000
86559.000,0.000,0.000,0.000
86599.000,0.000,0.000,0.000
86639.000,0.000,0.000,0.000
86679.000,0.000,0.000,0.000
86720.000,0.000,0.000,0.000
86759.000,0.000,0.000,0.000
86799.000,0.000,0.000,0.000
86839.000,0.000,0.000,0.000
86879.000,0.000,0.000,0.000
86919.000,0.000,0.000,0.000
86959.000,0.000,0.000,0.000
86999.000,0.000,0.000,0.000
87039.000,0.000,0.000,0.000
87079.000,0.000,0.000,0.000
87119.000,0.000,0.000,0.000
87159.000,0.000,0.000,0.000
87199.000,0.000,0.000,0.000
87239.000,0.000,0.000,0.000
87279.000,0.000,0.000,0.000
87319.000,0.000,0.000,0.000
87359.000,0.000,0.000,0.000
87399.000,0.000,0.000,0.000
87439.000,0.000,0.000,0.000
87479.000,0.000,0.000,0.000
87519.000,0.000,0.000,0.000
87559.000,0.000,0.000,0.000
87599.000,0.000,0.000,0.000
87639.000,0.000,0.000,0.000
87679.000,0.000,0.000,0.000
87719.000,0.000,0.000,0.000
87759.000,0.000,0.000,0.000
87799.000,0.000,0.000,0.000
87839.000,0.000,0.000,0.000
87879.000,0.000,0.000,0.000
87919.000,0.000,0.000,0.000
87959.000,0.000,0.000,0.000
87999.000,0.000,0.000,0.000
88039.000,0.000,0.000,0.000
88079.000,0.000,0.000,0.000
88119.000,0.000,0.000,0.000
88160.000,0.000,0.000,0.000
88199.000,0.000,0.000,0.000
88239.000,0.000,0.000,0.000
88279.000,0.000,0.000,0.000
88319.000,0.000,0.000,0.000
88359.000,0.000,0.000,0.000
88399.000,0.000,0.000,0.000
88439.000,0.000,0.000,0.000
88479.000,0.000,0.000,0.000
88519.000,0.000,0.000,0.000
88559.000,0.000,0.000,0.000
88599.000,0.000,0.000,0.000
88639.000,0.000,0.000,0.000
88679.000,0.000,0.000,0.000
88719.000,0.000,0.000,0.000
88759.000,0.000,0.000,0.000
88799.000,0.000,0.000,0.000
88839.000,0.000,0.000,0.000
88879.000,0.000,0.000,0.000
88919.000,0.000,0.000,0.000
88959.000,0.000,0.000,0.000
88999.000,0.000,0.000,0.000
89039.000,0.000,0.000,0.000
89079.000,0.000,0.000,0.000
89119.000,0.000,0.000,0.000
89159.000,0.000,0.000,0.000
89199.000,0.000,0.000,0.000
89239.000,0.000,0.000,0.000
89279.000,0.000,0.000,0.000
89319.000,0.000,0.000,0.000
89359.000,0.000,0.000,0.000
89399.000,0.000,0.000,0.000
89439.000,0.000,0.000,0.000
89479.000,0.000,0.000,0.000
89519.000,0.000,0.000,0.000
89559.000,0.000,0.000,0.000
89599.000,0.000,0.000,0.000
89639.000,0.000,0.000,0.000
89679.000,0.000,0.000,0.000
89719.000,0.000,0.000,0.000
89759.000,0.000,0.000,0.000
89799.000,0.000,0.000,0.000
89839.000,0.000,0.000,0.000
89879.000,0.000,0.000,0.000
89919.000,0.000,0.000,0.000
89959.000,0.000,0.000,0.000
90000.000,0.000,0.000,0.000
90039.000,0.000,0.000,0.000
90079.000,0.000,0.000,0.000
90119.000,0.000,0.000,0.000
90159.000,0.000,0.000,0.000
90199.000,0.000,0.000,0.000
90239.000,0.000,0.000,0.000
90279.000,0.000,0.000,0.000
90319.000,0.000,0.000,0.000
90359.000,0.000,0.000,0.000
90399.000,0.000,0.000,0.000
90439.000,0.000,0.000,0.000
90479.000,0.000,0.000,0.000
90519.000,0.000,0.000,0.000
90559.000,0.000,0.000,0.000
90599.000,0.000,0.000,0.000
90639.000,0.000,0.000,0.000
90679.000,0.000,0.000,0.000
90719.000,0.000,0.000,0.000
90759.000,0.000,0.000,0.000
90799.000,0.000,0.000,0.000
90839.000,0.000,0.000,0.000
90879.000,0.000,0.000,0.000
90919.000,0.000,0.000,0.000
90959.000,0.000,0.000,0.000
90999.000,0.000,0.000,0.000
91039.000,0.000,0.000,0.000
91079.000,0.000,0.000,0.000
91119.000,0.000,0.000,0.000
91159.000,0.000,0.000,0.000
91199.000,0.000,0.000,0.000
91239.000,0.000,0.000,0.000
91279.000,0.000,0.000,0.000
91319.000,0.000,0.000,0.000
91359.000,0.000,0.000,0.000
91399.000,0.000,0.000,0.000
91439.000,0.000,0.000,0.000
91479.000,0.000,0.000,0.000
91519.000,0.000,0.000,0.000
91559.000,0.000,0.000,0.000
91599.000,0.000,0.000,0.000
91639.000,0.000,0.000,0.000
91679.000,0.000,0.000,0.000
91719.000,0.000,0.000,0.000
91759.000,0.000,0.000,0.000
91799.000,0.000,0.000,0.000
91839.000,0.000,0.000,0.000
91879.000,0.000,0.000,0.000
91919.000,0.000,0.000,0.000
91959.000,0.000,0.000,0.000
91999.000,0.000,0.000,0.000
92039.000,0.000,0.000,0.000
92079.000,0.000,0.000,0.000
92119.000,0.000,0.000,0.000
92159.000,0.000,0.000,0.000
92199.000,0.000,0.000,0.000
92239.000,0.000,0.000,0.000
92279.000,0.000,0.000,0.000
92319.000,0.000,0.000,0.000
92359.000,0.000,0.000,0.000
92399.000,0.000,0.000,0.000
92439.000,0.000,0.000,0.000
92479.000,0.000,0.000,0.000
92519.000,0.000,0.000,0.000
92559.000,0.000,0.000,0.000
92599.000,0.000,0.000,0.000
92639.000,0.000,0.000,0.000
92679.000,0.000,0.000,0.000
92719.000,0.000,0.000,0.000
92759.000,0.000,0.000,0.000
92799.000,0.000,0.000,0.000
92839.000,0.000,0.000,0.000
92879.000,0.000,0.000,0.000
92919.000,0.000,0.000,0.000
92959.000,0.000,0.000,0.000
92999.000,0.000,0.000,0.000
93039.000,0.000,0.000,0.000
93079.000,0.000,0.000,0.000
93119.000,0.000,0.000,0.000
93159.000,0.000,0.000,0.000
93199.000,0.000,0.000,0.000
93239.000,0.000,0.000,0.000
93279.000,0.000,0.000,0.000
93319.000,0.000,0.000,0.000
93359.000,0.000,0.000,0.000
93399.000,0.000,0.000,0.000
93439.000,0.000,0.000,0.000
93479.000,0.000,0.000,0.000
93519.000,0.000,0.000,0.000
93559.000,0.000,0.000,0.000
93599.000,0.000,0.000,0.000
93639.000,0.000,0.000,0.000
93679.000,0.000,0.000,0.000
93720.000,0.000,0.000,0.000
93759.000,0.000,0.000,0.000
93799.000,0.000,0.000,0.000
93839.000,0.000,0.000,0.000
93879.000,0.000,0.000,0.000
93919.000,0.000,0.000,0.000
93959.000,0.000,0.000,0.000
93999.000,0.000,0.000,0.000
94039.000,0.000,0.000,0.000
94079.000,0.000,0.000,0.000
94119.000,0.000,0.000,0.000
94159.000,0.000,0.000,0.000
94199.000,0.000,0.000,0.000
94239.000,0.000,0.000,0.000
94279.000,0.000,0.000,0.000
94319.000,0.000,0.000,0.000
94359.000,0.000,0.000,0.000
94399.000,0.000,0.000,0.000
94439.000,0.000,0.000,0.000
94479.000,0.000,0.000,0.000
94519.000,0.000,0.000,0.000
94559.000,0.000,0.000,0.000
94599.000,0.000,0.000,0.000
94639.000,0.000,0.000,0.000
94679.000,0.000,0.000,0.000
94719.000,0.000,0.000,0.000
94759.000,0.000,0.000,0.000
94799.000,0.000,0.000,0.000
94839.000,0.000,0.000,0.000
94879.000,0.000,0.000,0.000
94919.000,0.000,0.000,0.000
94959.000,0.000,0.000,0.000
94999.000,0.000,0.000,0.000
95039.000,0.000,0.000,0.000
95079.000,0.000,0.000,0.000
95119.000,0.000,0.000,0.000
95159.000,0.000,0.000,0.000
95199.000,0.000,0.000,0.000
95239.000,0.000,0.000,0.000
95279.000,0.000,0.000,0.000
95319.000,0.000,0.000,0.000
95359.000,0.000,0.000,0.000
95399.000,0.000,0.000,0.000
95439.000,0.000,0.000,0.000
95479.000,0.000,0.000,0.000
95519.000,0.000,0.000,0.000
95559.000,0.000,0.000,0.000
95599.000,0.000,0.000,0.000
95639.000,0.000,0.000,0.000
95679.000,0.000,0.000,0.000
95719.000,0.000,0.000,0.000
95759.000,0.000,0.000,0.000
95799.000,0.000,0.000,0.000
95839.000,0.000,0.000,0.000
95879.000,0.000,0.000,0.000
95919.000,0.000,0.000,0.000
95959.000,0.000,0.000,0.000
95999.000,0.000,0.000,0.000
96039.000,0.000,0.000,0.000
96079.000,0.000,0.000,0.000
96124.000,0.000,0.000,0.000
96159.000,0.000,0.000,0.000
96199.000,0.000,0.000,0.000
96239.000,0.000,0.000,0.000
96279.000,0.000,0.000,0.000
96319.000,0.000,0.000,0.000
96359.000,0.000,0.000,0.000
96399.000,0.000,0.000,0.000
96439.000,0.000,0.000,0.000
96479.000,0.000,0.000,0.000
96519.000,0.000,0.000,0.000
96559.000,0.000,0.000,0.000
96599.000,0.000,0.000,0.000
96639.000,0.000,0.000,0.000
96680.000,0.000,0.000,0.000
96719.000,0.000,0.000,0.000
96759.000,0.000,0.000,0.000
96799.000,0.000,0.000,0.000
96839.000,0.000,0.000,0.000
96880.000,0.000,0.000,0.000
96919.000,0.000,0.000,0.000
96959.000,0.000,0.000,0.000
96999.000,0.000,0.000,0.000
97039.000,0.000,0.000,0.000
97079.000,0.000,0.000,0.000
97119.000,0.000,0.000,0.000
97159.000,0.000,0.000,0.000
97199.000,0.000,0.000,0.000
97239.000,0.000,0.000,0.000
97279.000,0.000,0.000,0.000
97319.000,0.000,0.000,0.000
97359.000,0.000,0.000,0.000
97399.000,0.000,0.000,0.000
97439.000,0.000,0.000,0.000
97487.000,0.000,0.000,0.000
97519.000,0.000,0.000,0.000
97559.000,0.000,0.000,0.000
97599.000,0.000,0.000,0.000
97639.000,0.000,0.000,0.000
97679.000,0.000,0.000,0.000
97719.000,0.000,0.000,0.000
97759.000,0.000,0.000,0.000
